{
  "providers": {
    "awscloudformation": {
      "AuthRoleName": "amplify-languagelearningapp-staging-13115-authRole",
      "UnauthRoleArn": "arn:aws:iam::880220446724:role/amplify-languagelearningapp-staging-13115-unauthRole",
      "AuthRoleArn": "arn:aws:iam::880220446724:role/amplify-languagelearningapp-staging-13115-authRole",
      "Region": "us-east-2",
      "DeploymentBucketName": "amplify-languagelearningapp-staging-13115-deployment",
      "UnauthRoleName": "amplify-languagelearningapp-staging-13115-unauthRole",
      "StackName": "amplify-languagelearningapp-staging-13115",
      "StackId": "arn:aws:cloudformation:us-east-2:880220446724:stack/amplify-languagelearningapp-staging-13115/3ca92e60-c851-11ed-8c2c-0a2f39f1f93c",
      "AmplifyAppId": "dai387e5olzte"
    }
  },
  "function": {
    "TranslateText": {
      "build": true,
      "providerPlugin": "awscloudformation",
      "service": "Lambda",
      "lastBuildTimeStamp": "2023-03-22T17:01:27.084Z",
      "lastBuildType": "PROD",
      "lastPackageTimeStamp": "2023-03-22T17:01:29.072Z",
      "distZipFilename": "TranslateText-5a392f644771714a326c-build.zip",
      "s3Bucket": {
        "deploymentBucketName": "amplify-languagelearningapp-staging-13115-deployment",
        "s3Key": "amplify-builds/TranslateText-5a392f644771714a326c-build.zip"
      },
      "providerMetadata": {
        "s3TemplateURL": "https://s3.amazonaws.com/amplify-languagelearningapp-staging-13115-deployment/amplify-cfn-templates/function/TranslateText-cloudformation-template.json",
        "logicalId": "functionTranslateText"
      },
      "lastPushTimeStamp": "2023-03-22T17:15:04.878Z",
      "output": {
        "LambdaExecutionRoleArn": "arn:aws:iam::880220446724:role/languagelearningappLambdaRole7dfc2d10-staging",
        "Region": "us-east-2",
        "Arn": "arn:aws:lambda:us-east-2:880220446724:function:TranslateText-staging",
        "Name": "TranslateText-staging",
        "LambdaExecutionRole": "languagelearningappLambdaRole7dfc2d10-staging"
      },
      "lastPushDirHash": "iYEFGcog+IVHXJwKpfSWDkB077M="
    }
  },
  "hosting": {
    "S3AndCloudFront": {
      "service": "S3AndCloudFront",
      "providerPlugin": "awscloudformation",
      "providerMetadata": {
        "s3TemplateURL": "https://s3.amazonaws.com/amplify-languagelearningapp-staging-13115-deployment/amplify-cfn-templates/hosting/template.json",
        "logicalId": "hostingS3AndCloudFront"
      },
      "lastPushTimeStamp": "2023-03-22T17:15:05.981Z",
      "output": {
        "CloudFrontSecureURL": "https://d1v2x9ynutuurl.cloudfront.net",
        "S3BucketSecureURL": "https://anguageearningpp-20230322130713-hostingbucket-staging.s3.amazonaws.com",
        "CloudFrontOriginAccessIdentity": "E815PLNI7D4ZQ",
        "WebsiteURL": "http://anguageearningpp-20230322130713-hostingbucket-staging.s3-website.us-east-2.amazonaws.com",
        "CloudFrontDistributionID": "E2UFYQNSU3YHBJ",
        "Region": "us-east-2",
        "HostingBucketName": "anguageearningpp-20230322130713-hostingbucket-staging",
        "CloudFrontDomainName": "d1v2x9ynutuurl.cloudfront.net"
      },
      "lastPushDirHash": "DpgW3EK1N4fOkHQwf5i3HE/h6aY="
    }
  }
}